Datetime,Water Level (m)
2025-05-30 18:00:00,-0.34673926
2025-05-30 19:00:00,-0.13269033
2025-05-30 20:00:00,0.4037036
2025-05-30 21:00:00,0.9201025
2025-05-30 22:00:00,1.3705361
2025-05-30 23:00:00,1.4857134
2025-05-31 00:00:00,1.3435452
2025-05-31 01:00:00,0.9584488
2025-05-31 02:00:00,0.5208379
2025-05-31 03:00:00,0.19137707
2025-05-31 04:00:00,-0.04524701
2025-05-31 05:00:00,-0.21133858
2025-05-31 06:00:00,-0.3683064
2025-05-31 07:00:00,-0.175432
2025-05-31 08:00:00,0.55574065
2025-05-31 09:00:00,1.1678687
2025-05-31 10:00:00,1.7401247
2025-05-31 11:00:00,1.921997
2025-05-31 12:00:00,1.8323989
2025-05-31 13:00:00,1.4469926
2025-05-31 14:00:00,0.952847
2025-05-31 15:00:00,0.55032396
2025-05-31 16:00:00,0.27292174
2025-05-31 17:00:00,0.049929038
2025-05-31 18:00:00,-0.11650346
2025-05-31 19:00:00,-0.29584667
2025-05-31 20:00:00,-0.11844721
2025-05-31 21:00:00,0.4697885
2025-05-31 22:00:00,1.0021518
2025-05-31 23:00:00,1.4194905
2025-06-01 00:00:00,1.439303
2025-06-01 01:00:00,1.2145022
2025-06-01 02:00:00,0.8338998
2025-06-01 03:00:00,0.47524628
2025-06-01 04:00:00,0.1894042
2025-06-01 05:00:00,-0.02215446
2025-06-01 06:00:00,-0.1648406
2025-06-01 07:00:00,-0.29821467
2025-06-01 08:00:00,-0.0004923573
2025-06-01 09:00:00,0.61511344
2025-06-01 10:00:00,1.2060004
2025-06-01 11:00:00,1.673631
2025-06-01 12:00:00,1.7821144
2025-06-01 13:00:00,1.6441517
2025-06-01 14:00:00,1.2372782
2025-06-01 15:00:00,0.791128
2025-06-01 16:00:00,0.4425384
2025-06-01 17:00:00,0.19798136
2025-06-01 18:00:00,-0.0025088666
2025-06-01 19:00:00,-0.16596937
2025-06-01 20:00:00,-0.31957433
2025-06-01 21:00:00,-0.06788673
2025-06-01 22:00:00,0.43243402
2025-06-01 23:00:00,0.9114558
2025-06-02 00:00:00,1.2760862
2025-06-02 01:00:00,1.3064694
2025-06-02 02:00:00,1.1356459
2025-06-02 03:00:00,0.80851084
2025-06-02 04:00:00,0.47195682
2025-06-02 05:00:00,0.19981478
2025-06-02 06:00:00,-0.0031064022
2025-06-02 07:00:00,-0.11854561
2025-06-02 08:00:00,-0.1759073
2025-06-02 09:00:00,0.19752192
2025-06-02 10:00:00,0.75428724
2025-06-02 11:00:00,1.2727332
2025-06-02 12:00:00,1.6329012
2025-06-02 13:00:00,1.7438868
2025-06-02 14:00:00,1.6488395
2025-06-02 15:00:00,1.3097649
2025-06-02 16:00:00,0.8883488
2025-06-02 17:00:00,0.54065543
2025-06-02 18:00:00,0.28674635
2025-06-02 19:00:00,0.08378306
2025-06-02 20:00:00,-0.066090904
2025-06-02 21:00:00,-0.1926312
2025-06-02 22:00:00,0.043865733
2025-06-02 23:00:00,0.48521614
2025-06-03 00:00:00,0.94594574
2025-06-03 01:00:00,1.2468946
2025-06-03 02:00:00,1.2887868
2025-06-03 03:00:00,1.2111436
2025-06-03 04:00:00,0.95491546
2025-06-03 05:00:00,0.6389594
2025-06-03 06:00:00,0.36000198
2025-06-03 07:00:00,0.15012898
2025-06-03 08:00:00,0.0017321093
2025-06-03 09:00:00,-0.03835529
2025-06-03 10:00:00,0.2191492
2025-06-03 11:00:00,0.7008867
2025-06-03 12:00:00,1.1615359
2025-06-03 13:00:00,1.4249007
2025-06-03 14:00:00,1.4414452
2025-06-03 15:00:00,1.2954348
2025-06-03 16:00:00,1.0073283
2025-06-03 17:00:00,0.6776568
2025-06-03 18:00:00,0.38664004
2025-06-03 19:00:00,0.16347675
2025-06-03 20:00:00,-0.019976243
2025-06-03 21:00:00,-0.16276644
2025-06-03 22:00:00,-0.2599434
2025-06-03 23:00:00,-0.0084755365
2025-06-04 00:00:00,0.4095954
2025-06-04 01:00:00,0.8528092
2025-06-04 02:00:00,1.155786
2025-06-04 03:00:00,1.191361
2025-06-04 04:00:00,1.0615002
2025-06-04 05:00:00,0.8012819
2025-06-04 06:00:00,0.49250233
2025-06-04 07:00:00,0.24074176
2025-06-04 08:00:00,0.049179893
2025-06-04 09:00:00,-0.06890896
2025-06-04 10:00:00,-0.15242144
2025-06-04 11:00:00,-0.017786192
2025-06-04 12:00:00,0.36746487
2025-06-04 13:00:00,0.8263088
2025-06-04 14:00:00,1.1628972
2025-06-04 15:00:00,1.2458078
2025-06-04 16:00:00,1.146048
2025-06-04 17:00:00,0.9036169
2025-06-04 18:00:00,0.57363623
2025-06-04 19:00:00,0.28863573
2025-06-04 20:00:00,0.05991308
2025-06-04 21:00:00,-0.11567671
2025-06-04 22:00:00,-0.25352475
2025-06-04 23:00:00,-0.3514639
2025-06-05 00:00:00,-0.11040883
2025-06-05 01:00:00,0.32748833
2025-06-05 02:00:00,0.7500763
2025-06-05 03:00:00,1.0884935
2025-06-05 04:00:00,1.1794862
2025-06-05 05:00:00,1.1006737
2025-06-05 06:00:00,0.86298007
2025-06-05 07:00:00,0.54326934
2025-06-05 08:00:00,0.26707828
2025-06-05 09:00:00,0.05750134
2025-06-05 10:00:00,-0.08844566
2025-06-05 11:00:00,-0.1848855
2025-06-05 12:00:00,-0.13089852
2025-06-05 13:00:00,0.21073368
2025-06-05 14:00:00,0.6200998
2025-06-05 15:00:00,0.9731379
2025-06-05 16:00:00,1.0885696
2025-06-05 17:00:00,1.0084552
2025-06-05 18:00:00,0.78535956
